prompt,completion,content,tokens
Do I need to verify all borrower income if the borrower doesn't need all of their income to qualify for a Home Possible mortgage?,"No, you need to verify only a borrower's qualifying income. For example, if the borrower can qualify for the mortgage with their base pay and not their overtime income, you may use only the base pay to determine Home Possible eligibility. Take a brief Home Possible Income Eligibility tutorial on income requirements for Home Possible mortgages for more information.","prompt: Do I need to verify all borrower income if the borrower doesn't need all of their income to qualify for a Home Possible mortgage?; completion: No, you need to verify only a borrower's qualifying income. For example, if the borrower can qualify for the mortgage with their base pay and not their overtime income, you may use only the base pay to determine Home Possible eligibility. Take a brief Home Possible Income Eligibility tutorial on income requirements for Home Possible mortgages for more information.",98
"When I underwrite a borrower for a Home Possible mortgage, should I include spousal income or income from other members of the household who are not borrowers on the mortgage?",No. Only borrower income can be included when determining eligibility for a Home Possible mortgage. You can't include a spouse's income or income from any other member of the household who is not a borrower on the mortgage.,"prompt: When I underwrite a borrower for a Home Possible mortgage, should I include spousal income or income from other members of the household who are not borrowers on the mortgage?; completion: No. Only borrower income can be included when determining eligibility for a Home Possible mortgage. You can't include a spouse's income or income from any other member of the household who is not a borrower on the mortgage.",83
Can a borrower qualify for a Home Possible mortgage if they own another property?,"Yes, the occupying borrower may have an ownership interest in one additional financed residential property.","prompt: Can a borrower qualify for a Home Possible mortgage if they own another property?; completion: Yes, the occupying borrower may have an ownership interest in one additional financed residential property.",37
"If more than 30% of the borrower’s income is rental income from their 1-unit primary residence, how much of that rental income can be used to qualify the borrower for a Home Possible Mortgage?","Rental income from a one-unit primary residence can account for up to 30 percent of qualifying income. Any portion of the borrower's rental income from their one-unit primary residence that exceeds 30 percent of the borrower's total income cannot be used to qualify the borrower. For rental income requirements, see Guide Section 4501.9: Borrower income and qualifying ratios for Home Possible mortgages.","prompt: If more than 30% of the borrower’s income is rental income from their 1-unit primary residence, how much of that rental income can be used to qualify the borrower for a Home Possible Mortgage?; completion: Rental income from a one-unit primary residence can account for up to 30 percent of qualifying income. Any portion of the borrower's rental income from their one-unit primary residence that exceeds 30 percent of the borrower's total income cannot be used to qualify the borrower. For rental income requirements, see Guide Section 4501.9: Borrower income and qualifying ratios for Home Possible mortgages.",124
Do you have to be a first-time homebuyer to qualify for a Home Possible mortgage?,No. The Home Possible mortgage is available to all qualified borrowers whose income does not exceed 80% of area median income (AMI).,prompt: Do you have to be a first-time homebuyer to qualify for a Home Possible mortgage?; completion: No. The Home Possible mortgage is available to all qualified borrowers whose income does not exceed 80% of area median income (AMI).,50
Do all Home Possible borrowers need to occupy the home they're purchasing as their primary residence?,"No. Non-occupying borrowers are permitted on one-unit properties that meet the LTV ratio requirements in the Guide. However at least one borrower must occupy the property as their primary residence.
Note: Income from non-occupying borrowers is included in the AMI calculation.","prompt: Do all Home Possible borrowers need to occupy the home they're purchasing as their primary residence?; completion: No. Non-occupying borrowers are permitted on one-unit properties that meet the LTV ratio requirements in the Guide. However at least one borrower must occupy the property as their primary residence.
Note: Income from non-occupying borrowers is included in the AMI calculation.",78
"If no borrower on a loan application has a credit score, are the borrowers eligible for a Home Possible mortgage?","Borrowers without a credit score can qualify for a Home Possible mortgage, provided the LTV/TLTV/HTLTV ratio for the mortgage does not exceed 95 percent. Sellers can qualify such borrowers in one of the following ways:
\n1. Through Loan Product Advisor, if they meet requirements in Guide Section 5201.1: Credit assessment with Loan Product Advisor.
\n2.Through manual underwriting, if they meet the requirements in Guide Section 4501.8: Underwriting requirements for Home Possible Mortgages.","prompt: If no borrower on a loan application has a credit score, are the borrowers eligible for a Home Possible mortgage?; completion: Borrowers without a credit score can qualify for a Home Possible mortgage, provided the LTV/TLTV/HTLTV ratio for the mortgage does not exceed 95 percent. Sellers can qualify such borrowers in one of the following ways:
\n1. Through Loan Product Advisor, if they meet requirements in Guide Section 5201.1: Credit assessment with Loan Product Advisor.
\n2.Through manual underwriting, if they meet the requirements in Guide Section 4501.8: Underwriting requirements for Home Possible Mortgages.",134
How do I underwrite multiple borrowers for a Home Possible mortgage in the case where one (or more) borrowers has a usable credit score and others do not?,"Borrowers may be eligible for a Home Possible mortgage even if one or more of the borrowers on the mortgage does not have a usable credit score. Sellers can qualify such borrowers in one of the following ways:
\n1. Through Loan Product Advisor, if they meet requirements in Guide Section 5201.1: Credit assessment with Loan Product Advisor.
\n2. Through manual underwriting, if they meet the requirements in Guide Section 4501.8: Underwriting requirements for Home Possible Mortgages.
Please note that income contributed by a borrower with insufficient credit history can only account for up to 30 percent of the total qualifying income.","prompt: How do I underwrite multiple borrowers for a Home Possible mortgage in the case where one (or more) borrowers has a usable credit score and others do not?; completion: Borrowers may be eligible for a Home Possible mortgage even if one or more of the borrowers on the mortgage does not have a usable credit score. Sellers can qualify such borrowers in one of the following ways:
\n1. Through Loan Product Advisor, if they meet requirements in Guide Section 5201.1: Credit assessment with Loan Product Advisor.
\n2. Through manual underwriting, if they meet the requirements in Guide Section 4501.8: Underwriting requirements for Home Possible Mortgages.
Please note that income contributed by a borrower with insufficient credit history can only account for up to 30 percent of the total qualifying income.",164
"If a borrower is seeking a special purpose cash-out mortgage, such as in a divorce settlement, can that mortgage be delivered as a Home Possible mortgage?",No. A Home Possible mortgage cannot be a cash-out refinance mortgage. The only refinance mortgages that can be Home Possible mortgages are no cash-out refinance mortgages.,"prompt: If a borrower is seeking a special purpose cash-out mortgage, such as in a divorce settlement, can that mortgage be delivered as a Home Possible mortgage?; completion: No. A Home Possible mortgage cannot be a cash-out refinance mortgage. The only refinance mortgages that can be Home Possible mortgages are no cash-out refinance mortgages.",69
How do I to verify if a borrower can qualify for a Freddie Mac Home Possible mortgage based on the property location and the borrowers' qualifying income?,You can use the Home Possible Income and Property Eligibility Tool to verify if a borrower can qualify for a Freddie Mac Home Possible mortgage based on the property location and the borrowers' qualifying income. Enter a street address in the tool and a pop-up window will appear with the most accurate results available.,prompt: How do I to verify if a borrower can qualify for a Freddie Mac Home Possible mortgage based on the property location and the borrowers' qualifying income?; completion: You can use the Home Possible Income and Property Eligibility Tool to verify if a borrower can qualify for a Freddie Mac Home Possible mortgage based on the property location and the borrowers' qualifying income. Enter a street address in the tool and a pop-up window will appear with the most accurate results available.,93
Can a Seller deliver a Seller-owned modified mortgage that is a Home Possible mortgage to Freddie Mac?,Yes. A Seller can deliver a Seller-owned modified mortgage that is a Home Possible mortgage modified for the purpose of a reduction in the interest rate.,prompt: Can a Seller deliver a Seller-owned modified mortgage that is a Home Possible mortgage to Freddie Mac?; completion: Yes. A Seller can deliver a Seller-owned modified mortgage that is a Home Possible mortgage modified for the purpose of a reduction in the interest rate.,53
"For a Seller-owned modified mortgage that will be delivered as a Home Possible mortgage, is the Seller required to re-underwrite the mortgage and requalify the borrower before delivering the mortgage to Freddie Mac?","If the original mortgage is an LPA Accept Mortgage, the Seller is not required to resubmit the modified mortgage to Loan Product Advisor, nor requalify the borrower. If the original mortgage is not an LPA Accept Mortgage, the Seller is required to manually re-underwrite the mortgage and requalify the borrower in accordance with the requirements in Topics 5100 through 5500.","prompt: For a Seller-owned modified mortgage that will be delivered as a Home Possible mortgage, is the Seller required to re-underwrite the mortgage and requalify the borrower before delivering the mortgage to Freddie Mac?; completion: If the original mortgage is an LPA Accept Mortgage, the Seller is not required to resubmit the modified mortgage to Loan Product Advisor, nor requalify the borrower. If the original mortgage is not an LPA Accept Mortgage, the Seller is required to manually re-underwrite the mortgage and requalify the borrower in accordance with the requirements in Topics 5100 through 5500.",124
What age of documentation requirements must the Seller comply with for Seller-owned modified mortgages that are Home Possible mortgages?,The age of documentation must be dated no more than 120 days before the modification date for Seller-owned modified mortgages that are Home Possible mortgages. The Seller is required to comply with requirements in Guide Section 5102.4.,prompt: What age of documentation requirements must the Seller comply with for Seller-owned modified mortgages that are Home Possible mortgages?; completion: The age of documentation must be dated no more than 120 days before the modification date for Seller-owned modified mortgages that are Home Possible mortgages. The Seller is required to comply with requirements in Guide Section 5102.4.,71
Can an LPA Accept Mortgage that is a Home Possible mortgage modified under the Seller-owned modified mortgage requirements retain the ACE appraisal waiver?,The Seller cannot retain the ACE appraisal waiver from the original LPA Accept Mortgage for the modified mortgage. An appraisal would be required in this instance.,prompt: Can an LPA Accept Mortgage that is a Home Possible mortgage modified under the Seller-owned modified mortgage requirements retain the ACE appraisal waiver?; completion: The Seller cannot retain the ACE appraisal waiver from the original LPA Accept Mortgage for the modified mortgage. An appraisal would be required in this instance.,60
Does the Seller need to obtain a new appraisal if the original LPA Accept Mortgage received an ACE appraisal waiver?,Yes. You must obtain a new appraisal with an effective date that is no more than 120 days prior to the modification date before delivering the modified mortgage to Freddie Mac.,prompt: Does the Seller need to obtain a new appraisal if the original LPA Accept Mortgage received an ACE appraisal waiver?; completion: Yes. You must obtain a new appraisal with an effective date that is no more than 120 days prior to the modification date before delivering the modified mortgage to Freddie Mac.,61
Can Home Possible be used in conjunction with negotiated provisions/terms of business?,"Yes. Unless otherwise specified, negotiated provisions may be used with Home Possible mortgages.","prompt: Can Home Possible be used in conjunction with negotiated provisions/terms of business?; completion: Yes. Unless otherwise specified, negotiated provisions may be used with Home Possible mortgages.",35
Can I give a gift or grant to assist with a borrower's down payment?,A gift or grant from a lender is allowed only after a minimum three percent contribution is made from borrower personal funds or other eligible sources of funds.,prompt: Can I give a gift or grant to assist with a borrower's down payment?; completion: A gift or grant from a lender is allowed only after a minimum three percent contribution is made from borrower personal funds or other eligible sources of funds.,50
What are the acceptable sources of funds for the borrowers’ three percent down payment?,"In addition to their own funds, a borrower can also receive assistance in reaching the minimum three percent contribution on a one-unit property from other sources. These include: a gift from a person meeting the Guide definition of a related person, funds from a governmental or non-governmental agency, Employer Assisted Homeownership (EAH) programs, and Affordable Seconds. Contributing agencies must not be affiliated with the lender or the origination of the mortgage except in the case of an EAH. See Guide Section 4501.10 (c) for more information on sources of funds.","prompt: What are the acceptable sources of funds for the borrowers’ three percent down payment?; completion: In addition to their own funds, a borrower can also receive assistance in reaching the minimum three percent contribution on a one-unit property from other sources. These include: a gift from a person meeting the Guide definition of a related person, funds from a governmental or non-governmental agency, Employer Assisted Homeownership (EAH) programs, and Affordable Seconds. Contributing agencies must not be affiliated with the lender or the origination of the mortgage except in the case of an EAH. See Guide Section 4501.10 (c) for more information on sources of funds.",137
Can I use premium financing to fund the down payment?,"No. Down payment assistance can't be funded through the mortgage transaction in any way, including through points, price, fees or any activity that might be described as premium financing.","prompt: Can I use premium financing to fund the down payment?; completion: No. Down payment assistance can't be funded through the mortgage transaction in any way, including through points, price, fees or any activity that might be described as premium financing.",51
Can I use premium financing to fund closing costs and prepaids?,"Yes. You can use premium financing to assist a borrower with closing costs, financing costs and prepaids/escrows.","prompt: Can I use premium financing to fund closing costs and prepaids?; completion: Yes. You can use premium financing to assist a borrower with closing costs, financing costs and prepaids/escrows.",44
What guidelines should I follow to document in the loan file that a gift or grant is not funded by proceeds from the mortgage?,"You should be able to show that:
\n1. Funds came from an established program that was fully vetted through your risk management team.
\n2. Funds were allocated for the sole purpose of contributing to loans originated to low- or moderate-income borrowers, or to properties located in low- or moderate-income areas.
\n3. The provider is not affiliated directly or indirectly with an interested party to the transaction.","prompt: What guidelines should I follow to document in the loan file that a gift or grant is not funded by proceeds from the mortgage?; completion: You should be able to show that:
\n1. Funds came from an established program that was fully vetted through your risk management team.
\n2. Funds were allocated for the sole purpose of contributing to loans originated to low- or moderate-income borrowers, or to properties located in low- or moderate-income areas.
\n3. The provider is not affiliated directly or indirectly with an interested party to the transaction.",112
Do all Home Possible borrowers need to take a homeownership education course?,"No. Homeownership education is required only for a purchase mortgage when all borrowers are first-time homebuyers or if the credit reputation for all borrowers is established using only Noncredit Payment References. In both instances, at least one borrower must complete a homeownership education program for a purchase mortgage before the mortgage's note date.","prompt: Do all Home Possible borrowers need to take a homeownership education course?; completion: No. Homeownership education is required only for a purchase mortgage when all borrowers are first-time homebuyers or if the credit reputation for all borrowers is established using only Noncredit Payment References. In both instances, at least one borrower must complete a homeownership education program for a purchase mortgage before the mortgage's note date.",83
Is homeownership education required for a Home Possible refinance transaction?,No. Homeownership education is not required for Home Possible mortgages that are refinances.,prompt: Is homeownership education required for a Home Possible refinance transaction?; completion: No. Homeownership education is not required for Home Possible mortgages that are refinances.,35
How can the homeownership education requirement for first-time homebuyers be fulfilled?,"You can meet this requirement with homebuyer education provided by HUD-approved counseling agencies, housing finance agencies (HFAs), community development financial institutions (CDFIs), mortgage insurance companies or other programs that meet National Industry Standards for Homeownership Education and Counseling. Borrowers may also choose to take our free homeownership education course CreditSmart Homebuyer U.","prompt: How can the homeownership education requirement for first-time homebuyers be fulfilled?; completion: You can meet this requirement with homebuyer education provided by HUD-approved counseling agencies, housing finance agencies (HFAs), community development financial institutions (CDFIs), mortgage insurance companies or other programs that meet National Industry Standards for Homeownership Education and Counseling. Borrowers may also choose to take our free homeownership education course CreditSmart Homebuyer U.",89
"If a borrower completed a HUD-approved homeownership education program to qualify for a competing loan offering, but has since decided to use a Home Possible mortgage, will that education program fulfill the Home Possible education requirement?","Yes. If the program meets our requirements, it would fulfill Home Possible homeownership education requirements. For details on education requirements see Guide Section 5103.6: Homeownership education.","prompt: If a borrower completed a HUD-approved homeownership education program to qualify for a competing loan offering, but has since decided to use a Home Possible mortgage, will that education program fulfill the Home Possible education requirement?; completion: Yes. If the program meets our requirements, it would fulfill Home Possible homeownership education requirements. For details on education requirements see Guide Section 5103.6: Homeownership education.",83
Who can provide post-purchase and early delinquency counseling to borrowers?,"A Seller or Servicer must provide early delinquency counseling to borrowers who have problems meeting their mortgage obligations. The counseling may be provided by a non-profit, third-party homeownership counseling agency, a HUD-approved national counseling agency specified by Freddie Mac or the servicer itself, provided it has the resources to provide counseling comparable to the other options. For details, refer to Guide Section 9101.2: Servicer collection efforts for Mortgages secured by Primary Residences.","prompt: Who can provide post-purchase and early delinquency counseling to borrowers?; completion: A Seller or Servicer must provide early delinquency counseling to borrowers who have problems meeting their mortgage obligations. The counseling may be provided by a non-profit, third-party homeownership counseling agency, a HUD-approved national counseling agency specified by Freddie Mac or the servicer itself, provided it has the resources to provide counseling comparable to the other options. For details, refer to Guide Section 9101.2: Servicer collection efforts for Mortgages secured by Primary Residences.",115
Why did Freddie Mac and Fannie Mae (the GSEs) launch this offering?,Freddie Mac Refi PossibleSM and Fannie Mae RefiNowTM are designed to address some of the barriers that prevent lower-income borrowers from refinancing and taking advantage of record low interest rates. Refi Possible and RefiNow help improve mortgage affordability by reducing the amount of the borrower’s monthly mortgage payments and continue to build their generational wealth through housing.,prompt: Why did Freddie Mac and Fannie Mae (the GSEs) launch this offering?; completion: Freddie Mac Refi PossibleSM and Fannie Mae RefiNowTM are designed to address some of the barriers that prevent lower-income borrowers from refinancing and taking advantage of record low interest rates. Refi Possible and RefiNow help improve mortgage affordability by reducing the amount of the borrower’s monthly mortgage payments and continue to build their generational wealth through housing.,95
How will a Seller or borrower know if the loan being refinanced is a Freddie Mac-owned loan?,"To be eligible for Refi Possible, the mortgage must currently be owned by Freddie Mac. Sellers may use any of the following three ways to validate that a mortgage is Freddie Mac-owned:
•	Loan Look-Up Tool: Access the Freddie Mac Loan Look-Up Tool to find out if a loan is Freddie Mac-owned.
•	This resource can also be used by borrowers to find out if Freddie Mac owns their current loan.
•	Loan Look-Up Tool API: Learn more about the application programming interface (API) on the Developer Portal and get access here.
•	Loan Product Advisor® (LPASM) Feedback Messages: For all no cash-out refinance mortgages submitted, LPA Feedback Messages indicate whether Freddie Mac owns the mortgage being refinanced.","prompt: How will a Seller or borrower know if the loan being refinanced is a Freddie Mac-owned loan?; completion: To be eligible for Refi Possible, the mortgage must currently be owned by Freddie Mac. Sellers may use any of the following three ways to validate that a mortgage is Freddie Mac-owned:
•	Loan Look-Up Tool: Access the Freddie Mac Loan Look-Up Tool to find out if a loan is Freddie Mac-owned.
•	This resource can also be used by borrowers to find out if Freddie Mac owns their current loan.
•	Loan Look-Up Tool API: Learn more about the application programming interface (API) on the Developer Portal and get access here.
•	Loan Product Advisor® (LPASM) Feedback Messages: For all no cash-out refinance mortgages submitted, LPA Feedback Messages indicate whether Freddie Mac owns the mortgage being refinanced.",173
"I am a Servicer of a loan being refinanced and our records indicate the loan is owned by Freddie Mac however, the LPA Feedback Message is returning an error message stating the loan being refinanced must match an active Freddie Mac-owned loan?","Question: I am a Servicer of a loan being refinanced and our records indicate the loan is owned by Freddie Mac however, the LPA Feedback Message is returning an error message stating the loan being refinanced must match an active Freddie Mac-owned loan. What should I do?
Please follow these steps to troubleshoot:
•	Verify the property street address and SSN of all of borrowers on the current loan being refinanced, entered is correct and resubmit.
•	If upon resubmission the error message is still returned, please contact the Customer Support Contact Center (800-FREDDIE) for assistance.","prompt: I am a Servicer of a loan being refinanced and our records indicate the loan is owned by Freddie Mac however, the LPA Feedback Message is returning an error message stating the loan being refinanced must match an active Freddie Mac-owned loan?; completion: Question: I am a Servicer of a loan being refinanced and our records indicate the loan is owned by Freddie Mac however, the LPA Feedback Message is returning an error message stating the loan being refinanced must match an active Freddie Mac-owned loan. What should I do?
Please follow these steps to troubleshoot:
•	Verify the property street address and SSN of all of borrowers on the current loan being refinanced, entered is correct and resubmit.
•	If upon resubmission the error message is still returned, please contact the Customer Support Contact Center (800-FREDDIE) for assistance.",178
"If there are multiple borrowers, is the requirement that the borrower income be less than or equal to 100% of the area median income (AMI) on a per borrower basis or based on the total income for all borrowers on the loan?","For purposes of determining eligibility, the Seller must include the income from all borrowers who will sign the note to the extent that the income is considered in evaluating creditworthiness for the loan.
For example: If there are two borrowers on a loan application, the lender will use the combined total qualifying income amount to determine whether the at or below 100% of AMI limit has been met.","prompt: If there are multiple borrowers, is the requirement that the borrower income be less than or equal to 100% of the area median income (AMI) on a per borrower basis or based on the total income for all borrowers on the loan?; completion: For purposes of determining eligibility, the Seller must include the income from all borrowers who will sign the note to the extent that the income is considered in evaluating creditworthiness for the loan.
For example: If there are two borrowers on a loan application, the lender will use the combined total qualifying income amount to determine whether the at or below 100% of AMI limit has been met.",131
Who should lenders contact if they have questions about Refi Possible mortgages and its requirements?,Lenders may contact their Freddie Mac representative or the Customer Support Contact Center (800-FREDDIE).,prompt: Who should lenders contact if they have questions about Refi Possible mortgages and its requirements?; completion: Lenders may contact their Freddie Mac representative or the Customer Support Contact Center (800-FREDDIE).,43
Can borrowers who have already refinanced into a Freddie Mac Enhanced Relief Refinance® or a Freddie Mac Relief Refinance℠ mortgage refinance through Refi Possible?,No,prompt: Can borrowers who have already refinanced into a Freddie Mac Enhanced Relief Refinance® or a Freddie Mac Relief Refinance℠ mortgage refinance through Refi Possible?; completion: No,39
How is a Refi Possible mortgage different from a Freddie Mac Home Possible® mortgage refinance?,"At a high level, a Refi Possible mortgage would be a better refinance option for borrowers who may not qualify for Home Possible; this could include borrowers with higher debt-to-income (DTI) ratios or who have limited funds to pay for upfront appraisal costs. However, both offerings provide benefits to serve lower-income borrowers.
Check out our Refi Possible and Home Possible Refinance ComparisonPDF grid to view a side-by-side comparison of product features. In addition, the complete requirements of each offering may be found in the Freddie Mac Single-Family Seller/Servicer Guide (Guide).
Refer to Guide Chapter 4501: Home Possible® Mortgages.
Refer to Guide Chapter 4302: Freddie Mac Refi PossibleSM Mortgages.","prompt: How is a Refi Possible mortgage different from a Freddie Mac Home Possible® mortgage refinance?; completion: At a high level, a Refi Possible mortgage would be a better refinance option for borrowers who may not qualify for Home Possible; this could include borrowers with higher debt-to-income (DTI) ratios or who have limited funds to pay for upfront appraisal costs. However, both offerings provide benefits to serve lower-income borrowers.
Check out our Refi Possible and Home Possible Refinance ComparisonPDF grid to view a side-by-side comparison of product features. In addition, the complete requirements of each offering may be found in the Freddie Mac Single-Family Seller/Servicer Guide (Guide).
Refer to Guide Chapter 4501: Home Possible® Mortgages.
Refer to Guide Chapter 4302: Freddie Mac Refi PossibleSM Mortgages.",172
"Can a Refi Possible mortgage be amortized for a period other than 15, 20, or 30 years?",Refi Possible mortgages are available for all eligible fixed-rate mortgage terms.,"prompt: Can a Refi Possible mortgage be amortized for a period other than 15, 20, or 30 years?; completion: Refi Possible mortgages are available for all eligible fixed-rate mortgage terms.",44
What property types are permitted under Refi Possible?,"All property types eligible under the Guide, including manufactured homes.","prompt: What property types are permitted under Refi Possible?; completion: All property types eligible under the Guide, including manufactured homes.",27
Can I rely on the credit report to determine if the borrower meets the payment history requirements for the mortgage being refinanced?,"The Seller may rely on the credit report to determine payment history through the date the mortgage tradeline was last reported. The Seller is responsible for establishing the payment history between the date the mortgage tradeline was last reported and the note date, for example, by updating the tradeline information on the credit report or checking their servicing records for same servicer transactions.
In addition, the Seller must comply with requirements set forth in Guide Bulletin 2020-17, including conducting the additional due diligence to ensure the that the mortgage being refinanced is current as of the note date of the new mortgage.","prompt: Can I rely on the credit report to determine if the borrower meets the payment history requirements for the mortgage being refinanced?; completion: The Seller may rely on the credit report to determine payment history through the date the mortgage tradeline was last reported. The Seller is responsible for establishing the payment history between the date the mortgage tradeline was last reported and the note date, for example, by updating the tradeline information on the credit report or checking their servicing records for same servicer transactions.
In addition, the Seller must comply with requirements set forth in Guide Bulletin 2020-17, including conducting the additional due diligence to ensure the that the mortgage being refinanced is current as of the note date of the new mortgage.",147
Can existing mortgage insurance (MI) be transferred to the new loan?,"MI coverage for Refi Possible is not restricted to the current mortgage insurer on the existing loan. LPA will identify the mortgage insurer that is currently providing coverage including the certificate number and percentage of insurance. The Seller should contact the mortgage insurer to confirm if the existing MI will be transferred to the new loan.
The appropriate level of mortgage insurance must be obtained in accordance with Guide Section 4701.1. Standard coverage and custom coverage with corresponding credit fees in price set forth in Exhibit 19 are both permissible subject to the Guide requirements.","prompt: Can existing mortgage insurance (MI) be transferred to the new loan?; completion: MI coverage for Refi Possible is not restricted to the current mortgage insurer on the existing loan. LPA will identify the mortgage insurer that is currently providing coverage including the certificate number and percentage of insurance. The Seller should contact the mortgage insurer to confirm if the existing MI will be transferred to the new loan.
The appropriate level of mortgage insurance must be obtained in accordance with Guide Section 4701.1. Standard coverage and custom coverage with corresponding credit fees in price set forth in Exhibit 19 are both permissible subject to the Guide requirements.",126
"For borrowers using base pay income to qualify, is there an age of documentation requirement on the required paystub?","Sellers must comply with the age of documentation requirements in Guide Section 5102.4, Bulletin 2020-8.","prompt: For borrowers using base pay income to qualify, is there an age of documentation requirement on the required paystub?; completion: Sellers must comply with the age of documentation requirements in Guide Section 5102.4, Bulletin 2020-8.",52
"If there are multiple borrowers, is the requirement that the borrower income be at or below 80% of the area median income (AMI) on a per borrower basis or based on the total income for all borrowers on the loan?","For purposes of determining eligibility, the Seller must include the income from all borrowers who will sign the note to the extent that the income is considered in evaluating creditworthiness for the loan.

For example: If there are two borrowers on a loan application, the lender will use the combined total qualifying income amount to determine whether the at or below 80% AMI limit has been met.","prompt: If there are multiple borrowers, is the requirement that the borrower income be at or below 80% of the area median income (AMI) on a per borrower basis or based on the total income for all borrowers on the loan?; completion: For purposes of determining eligibility, the Seller must include the income from all borrowers who will sign the note to the extent that the income is considered in evaluating creditworthiness for the loan.

For example: If there are two borrowers on a loan application, the lender will use the combined total qualifying income amount to determine whether the at or below 80% AMI limit has been met.",128
Can Refi Possible be combined with Home Possible?,"No, these are two distinct Freddie Mac product offerings with each having benefits to serve lower-income borrowers. These offerings cannot be combined. The Seller should review complete requirements for Refi Possible and Home Possible to determine which of the two offering suits the borrower best.
Refer to Guide Chapter 4501: Home Possible Mortgages.
Refer to Guide Chapter 4302: Freddie Mac Refi Possible Mortgages.","prompt: Can Refi Possible be combined with Home Possible?; completion: No, these are two distinct Freddie Mac product offerings with each having benefits to serve lower-income borrowers. These offerings cannot be combined. The Seller should review complete requirements for Refi Possible and Home Possible to determine which of the two offering suits the borrower best.
Refer to Guide Chapter 4501: Home Possible Mortgages.
Refer to Guide Chapter 4302: Freddie Mac Refi Possible Mortgages.",95
Can borrowers who have already refinanced into a Freddie Mac Enhanced Relief Refinance® or a Freddie Mac Relief RefinanceSM mortgage refinance through Refi Possible?,No.,prompt: Can borrowers who have already refinanced into a Freddie Mac Enhanced Relief Refinance® or a Freddie Mac Relief RefinanceSM mortgage refinance through Refi Possible?; completion: No.,39
"Can a Refi Possible mortgage be amortized for a period other than 15, 20, or 30 years?",Refi Possible mortgages are available for all eligible fixed-rate mortgage terms.,"prompt: Can a Refi Possible mortgage be amortized for a period other than 15, 20, or 30 years?; completion: Refi Possible mortgages are available for all eligible fixed-rate mortgage terms.",44
What property types are permitted under Refi Possible?,"All property types eligible under the Guide, including manufactured homes.","prompt: What property types are permitted under Refi Possible?; completion: All property types eligible under the Guide, including manufactured homes.",27
Can a borrower who has a low credit score qualify for Refi Possible?,"Yes. There is no minimum indicator score required for eligibility for Refi Possible mortgages. However, the seller must identify and deliver an indicator score for all Refi Possible mortgages in accordance with the requirements of Guide Section 5203.2(e). If the seller determines that there is no usable credit score due to insufficient information or inaccurate information, the mortgage is not eligible for sale to Freddie Mac.","prompt: Can a borrower who has a low credit score qualify for Refi Possible?; completion: Yes. There is no minimum indicator score required for eligibility for Refi Possible mortgages. However, the seller must identify and deliver an indicator score for all Refi Possible mortgages in accordance with the requirements of Guide Section 5203.2(e). If the seller determines that there is no usable credit score due to insufficient information or inaccurate information, the mortgage is not eligible for sale to Freddie Mac.",99
Can a borrower who does not have a usable credit score due to insufficient or inaccurate information qualify for Refi Possible?,"No. If no borrower has a usable credit score, then the mortgage does not have an Indicator Score and is not eligible for delivery to Freddie Mac as Refi Possible.","prompt: Can a borrower who does not have a usable credit score due to insufficient or inaccurate information qualify for Refi Possible?; completion: No. If no borrower has a usable credit score, then the mortgage does not have an Indicator Score and is not eligible for delivery to Freddie Mac as Refi Possible.",62
Under what circumstances can a borrower on the mortgage being refinanced be omitted from the Refi Possible mortgage?,"A borrower on the mortgage being refinanced may be omitted:
•	If the remaining borrower has been making the mortgage payments, including the payments for any secondary financing, for the most recent 12-month period, or;
•	Due to the death of a borrower.","prompt: Under what circumstances can a borrower on the mortgage being refinanced be omitted from the Refi Possible mortgage?; completion: A borrower on the mortgage being refinanced may be omitted:
•	If the remaining borrower has been making the mortgage payments, including the payments for any secondary financing, for the most recent 12-month period, or;
•	Due to the death of a borrower.",79
Can a borrower who is not on the mortgage being refinanced be added to the Refi Possible mortgage?,No.,prompt: Can a borrower who is not on the mortgage being refinanced be added to the Refi Possible mortgage?; completion: No.,28
Can a mortgage with a recent history of forbearance be refinanced as a Refi Possible mortgage?,"If the borrower makes all payments while the loan is in forbearance, a mortgage can be refinanced as a Refi Possible mortgage. The mortgage must meet Refi Possible payment history requirements, which does not allow recent missed payments.","prompt: Can a mortgage with a recent history of forbearance be refinanced as a Refi Possible mortgage?; completion: If the borrower makes all payments while the loan is in forbearance, a mortgage can be refinanced as a Refi Possible mortgage. The mortgage must meet Refi Possible payment history requirements, which does not allow recent missed payments.",73
Can mortgage payments missed due to COVID-19 forbearance be considered as timely payments for the purpose of determining whether the mortgage being refinanced meets the payment history requirements?,Missed payments due to COVID-19 forbearance that have been resolved according to the temporary eligibility requirements in Guide Bulletin 2020-17 are not considered delinquent for the purpose of meeting the payment history requirements.,prompt: Can mortgage payments missed due to COVID-19 forbearance be considered as timely payments for the purpose of determining whether the mortgage being refinanced meets the payment history requirements?; completion: Missed payments due to COVID-19 forbearance that have been resolved according to the temporary eligibility requirements in Guide Bulletin 2020-17 are not considered delinquent for the purpose of meeting the payment history requirements.,84
"If I manually underwrite a Refi Possible mortgage, how will I be able to tell if the mortgage was a Relief Refinance mortgage or Enhanced Relief Refinance mortgage?",You will be able to use the Freddie Mac Loan Look-up Tool to obtain this information. You may also use LPA to verify if the existing loan is a Relief Refinance or Enhance Relief Refinance® mortgage.,"prompt: If I manually underwrite a Refi Possible mortgage, how will I be able to tell if the mortgage was a Relief Refinance mortgage or Enhanced Relief Refinance mortgage?; completion: You will be able to use the Freddie Mac Loan Look-up Tool to obtain this information. You may also use LPA to verify if the existing loan is a Relief Refinance or Enhance Relief Refinance® mortgage.",83
How must the Seller provide the $500 credit to the borrower when an appraisal is obtained?,"Freddie Mac requires that the full $500 be provided to the borrower but does not specify how that must be operationalized. As always, the Seller must comply with applicable regulatory requirements.","prompt: How must the Seller provide the $500 credit to the borrower when an appraisal is obtained?; completion: Freddie Mac requires that the full $500 be provided to the borrower but does not specify how that must be operationalized. As always, the Seller must comply with applicable regulatory requirements.",59
Is obtaining an exterior-only appraisal acceptable for determining property value for Refi Possible?,Appraisals must meet standard Guide requirements.,prompt: Is obtaining an exterior-only appraisal acceptable for determining property value for Refi Possible?; completion: Appraisals must meet standard Guide requirements.,30
How may excess proceeds from a Refi Possible transaction be applied?,"The proceeds of the Refi Possible mortgage must be used only to:
•	Pay down the principal balance on the first mortgage
•	Pay related closing costs
•	Disburse cash to the borrower; not to exceed $250
Note: Suppose there are remaining proceeds from the Refi Possible mortgage after the proceeds are applied as described above. In that case, the excess proceeds must be applied as a principal curtailment to the Refi Possible mortgage and must be clearly reflected on the Settlement Disclosure Statement.","prompt: How may excess proceeds from a Refi Possible transaction be applied?; completion: The proceeds of the Refi Possible mortgage must be used only to:
•	Pay down the principal balance on the first mortgage
•	Pay related closing costs
•	Disburse cash to the borrower; not to exceed $250
Note: Suppose there are remaining proceeds from the Refi Possible mortgage after the proceeds are applied as described above. In that case, the excess proceeds must be applied as a principal curtailment to the Refi Possible mortgage and must be clearly reflected on the Settlement Disclosure Statement.",121
"If there are proceeds remaining from the refinance that exceed the amount allowed to be distributed as cash out to the borrower, do Sellers have options other than making a principal curtailment at closing?",The only alternative to a principal curtailment is to reduce the loan amount prior to closing.,"prompt: If there are proceeds remaining from the refinance that exceed the amount allowed to be distributed as cash out to the borrower, do Sellers have options other than making a principal curtailment at closing?; completion: The only alternative to a principal curtailment is to reduce the loan amount prior to closing.",63
Do Sellers have to document the source of closing costs paid by the borrower for Refi Possible mortgages?,"When funds required for closing are more than $500, funds in a depository, securities or retirement account used for closing must be documented with a monthly account statement or a direct account verification.","prompt: Do Sellers have to document the source of closing costs paid by the borrower for Refi Possible mortgages?; completion: When funds required for closing are more than $500, funds in a depository, securities or retirement account used for closing must be documented with a monthly account statement or a direct account verification.",63
Is there a maximum debt-to-income (DTI) ratio requirement for Refi Possible?,"Yes, the DTI ratio must not be greater than 65%.","prompt: Is there a maximum debt-to-income (DTI) ratio requirement for Refi Possible?; completion: Yes, the DTI ratio must not be greater than 65%.",37
Are reserves required for Refi Possible?,"Reserves are not required. If borrower funds are required to cover closing costs exceeding $500, those funds must be verified.","prompt: Are reserves required for Refi Possible?; completion: Reserves are not required. If borrower funds are required to cover closing costs exceeding $500, those funds must be verified.",38
Do Sellers need to verify all borrower incomes if the borrower doesn’t need all their income to qualify for a Refi Possible?,"No. Sellers will only need to verify a borrower’s qualifying income, i.e., if the borrower can qualify for the mortgage with their base pay and not their overtime income, you may use only the base pay to determine Refi Possible eligibility.","prompt: Do Sellers need to verify all borrower incomes if the borrower doesn’t need all their income to qualify for a Refi Possible?; completion: No. Sellers will only need to verify a borrower’s qualifying income, i.e., if the borrower can qualify for the mortgage with their base pay and not their overtime income, you may use only the base pay to determine Refi Possible eligibility.",79
Is a new or updated flood certification required for Refi Possible?,"Flood zone determination must be made for each mortgage sold to Freddie Mac, including Refi Possible.","prompt: Is a new or updated flood certification required for Refi Possible?; completion: Flood zone determination must be made for each mortgage sold to Freddie Mac, including Refi Possible.",37
When can Sellers begin evaluating Refi Possible loans in LPA?,"Sellers have been able to submit loan for evaluation as of August 30, 2021","prompt: When can Sellers begin evaluating Refi Possible loans in LPA?; completion: Sellers have been able to submit loan for evaluation as of August 30, 2021",36
Will LPA automatically identify mortgages eligible for Refi Possible?,"If the lender does not submit the loan as Refi Possible, but the loan meets Refi Possible income guidelines, LPA will return a message stating, “This loan meets Refi Possible income limits. To assess the loan as a Refi Possible mortgage, resubmit as Refi Possible.""","prompt: Will LPA automatically identify mortgages eligible for Refi Possible?; completion: If the lender does not submit the loan as Refi Possible, but the loan meets Refi Possible income guidelines, LPA will return a message stating, “This loan meets Refi Possible income limits. To assess the loan as a Refi Possible mortgage, resubmit as Refi Possible.""",77
Can I use LPA’s asset and income modeler (AIM) to assess the borrower’s income and/or assets for Refi Possible?,"Yes, a Refi Possible mortgage is eligible for an AIM assessment in LPA provided all applicable requirements in Guide Topic 5900: Automated Income and Asset Assessment with Loan Product Advisor are met.","prompt: Can I use LPA’s asset and income modeler (AIM) to assess the borrower’s income and/or assets for Refi Possible?; completion: Yes, a Refi Possible mortgage is eligible for an AIM assessment in LPA provided all applicable requirements in Guide Topic 5900: Automated Income and Asset Assessment with Loan Product Advisor are met.",72
"Are mortgages submitted through LPA that receive an “Ineligible”, “Incomplete” or “Invalid” eligible for Refi Possible?","If the mortgage receives an LPA evaluation status of “Invalid”, “Ineligible” or “Incomplete”, you must take all steps possible in accordance with Guide Section 5101.1 to correct the information and resubmit the mortgage to LPA.
Alternatively, the loan can be manually underwritten to determine eligibility, and it must meet the terms of Refi Possible.","prompt: Are mortgages submitted through LPA that receive an “Ineligible”, “Incomplete” or “Invalid” eligible for Refi Possible?; completion: If the mortgage receives an LPA evaluation status of “Invalid”, “Ineligible” or “Incomplete”, you must take all steps possible in accordance with Guide Section 5101.1 to correct the information and resubmit the mortgage to LPA.
Alternatively, the loan can be manually underwritten to determine eligibility, and it must meet the terms of Refi Possible.",106
Will LPA check whether the existing loan was a Relief Refinance mortgage or Enhanced Relief Refinance mortgage when determining eligibility?,"Yes. If LPA determines that the loan being refinanced was a Relief Refinance mortgage or an Enhanced Relief Refinance mortgage, a feedback message will be returned.","prompt: Will LPA check whether the existing loan was a Relief Refinance mortgage or Enhanced Relief Refinance mortgage when determining eligibility?; completion: Yes. If LPA determines that the loan being refinanced was a Relief Refinance mortgage or an Enhanced Relief Refinance mortgage, a feedback message will be returned.",62
How does the representation and warranty relief framework outlined in Guide Section 1301.11 apply to Refi Possible?,A Refi Possible mortgage may obtain relief from certain selling representations and warranties under Version 2 of the framework based either on the borrower’s acceptable payment history or a satisfactory conclusion of a Freddie Mac quality control review.,prompt: How does the representation and warranty relief framework outlined in Guide Section 1301.11 apply to Refi Possible?; completion: A Refi Possible mortgage may obtain relief from certain selling representations and warranties under Version 2 of the framework based either on the borrower’s acceptable payment history or a satisfactory conclusion of a Freddie Mac quality control review.,70
Are there specific rep and warranty relief requirements for mortgages secured by properties in condominium projects?,"For mortgages secured by properties in condominium projects, the Seller must represent and warrant that the project is not a hotel/resort project or houseboat project, a timeshare project or a project with fragment or segmented ownership. The project must have insurance that meets the applicable requirements.","prompt: Are there specific rep and warranty relief requirements for mortgages secured by properties in condominium projects?; completion: For mortgages secured by properties in condominium projects, the Seller must represent and warrant that the project is not a hotel/resort project or houseboat project, a timeshare project or a project with fragment or segmented ownership. The project must have insurance that meets the applicable requirements.",76
How can I tell if my system has been updated for Refi Possible?,"You will see Refi Possible listed as a value under the data point Refinance Program Identifier. If Refi Possible is not listed, or does not appear on the list, contact your software partner to find out if they are ready to support Refi Possible.
For questions and more information, reach out to your Freddie Mac representative or contact the Customer Support Contact Center (800-FREDDIE).","prompt: How can I tell if my system has been updated for Refi Possible?; completion: You will see Refi Possible listed as a value under the data point Refinance Program Identifier. If Refi Possible is not listed, or does not appear on the list, contact your software partner to find out if they are ready to support Refi Possible.
For questions and more information, reach out to your Freddie Mac representative or contact the Customer Support Contact Center (800-FREDDIE).",99
"I got an LPA feedback message that my loan is eligible, but my software hasn’t been updated yet. Is there any way I can still originate this loan?","Reach out to your software partner to learn about their planned implementation timeline(s).
You may notify your Freddie Mac representative or contact the Customer Support Contact Center (800-FREDDIE) to determine if there are additional ways to originate this loan.","prompt: I got an LPA feedback message that my loan is eligible, but my software hasn’t been updated yet. Is there any way I can still originate this loan?; completion: Reach out to your software partner to learn about their planned implementation timeline(s).
You may notify your Freddie Mac representative or contact the Customer Support Contact Center (800-FREDDIE) to determine if there are additional ways to originate this loan.",86
